epoch,mean_forget_loss,mean_retain_loss,forget_train_percentage,retain_train_sample_percentage,retain_eligible,selection_score
1,0.0016623097081901505,0.0017011951346648858,82.0,100.0,True,18.0
2,0.27486687193566467,0.012127876125450712,62.0,97.0,True,35.0
3,1.0839782773563638,0.07803764460957609,37.0,92.0,True,55.0
4,2.3948764703830236,0.21556958523346112,25.0,74.0,False,-951.0
5,4.10715933740139,0.39933668515179305,20.0,76.0,False,-944.0
6,6.009336954951286,0.3877815472334623,15.0,60.0,False,-955.0
7,8.048634513132274,0.6263151594868396,9.0,68.0,False,-941.0
8,9.84264079272747,0.9271526351803914,7.000000000000001,73.0,False,-934.0
