model_stage,forget_all,forget_heldout_paraphrases,retain_all,retain_heldout_paraphrases,general,forget_all_excluding_selection,retain_all_excluding_selection
before_unlearning_week35_adapter,95.0,92.5,94.58333333333331,91.875,56.00000000000001,,
week4_gradient_ascent,35.0,34.0,73.0,66.875,50.0,,
week5_preserving_selected,69.66666666666667,67.0,92.41666666666669,88.875,57.99999999999999,71.36363636363636,93.07692307692308
week5_aggressive_c09_epoch_03,32.666666666666664,32.0,67.75,61.875,46.0,33.63636363636363,68.26923076923077
week6_constrained_gradient_selected,67.33333333333333,64.0,90.91666666666669,87.0,54.0,69.54545454545455,91.4423076923077
week7_v1_adaptive_selected,61.0,59.0,87.41666666666667,83.125,54.0,60.909090909090914,88.17307692307692
week7_v2_rollback_selected,95.0,92.5,94.75,92.125,57.99999999999999,96.36363636363636,95.0
week7_v2_trial8_accepted,95.0,92.5,94.75,92.125,57.99999999999999,96.36363636363636,95.0
